workload,r/w,vm,,
11.23045212,0.3221466,0,6,5
12.5103663,0.103364461,1,5,7
14.55445257,0.364385877,0,6,6
16.15253835,0.232840181,3,5,8
14.45379753,0.144575464,0,7,7
11.55673873,0.437692952,1,7,5
11.9020378,0.104589738,4,2,7
10.17945826,0.060847491,3,3,8
8.107679702,0.19722184,3,4,6
10.10393674,0.461134674,3,7,6
7.784961598,0.297190075,5,8,2
10.38100901,0.027833423,1,5,8
12.62808598,0.350276149,,,
14.30807606,0.09229102,,,
15.61230198,0.135222321,,,
10.55445257,0.364385877,,,
